<file>
    <video>
        <imagename>1</imagename>
        <label>Grass Field</label>
        <buttontitle>1</buttontitle>
    </video>
    <video>
        <imagename>2</imagename>
        <label>US Flag</label>
        <buttontitle>2</buttontitle>
    </video>
    <video>
        <imagename>3</imagename>
        <label>Grass Droplets</label>
        <buttontitle>3</buttontitle>
    </video>
<video>
        <imagename>4</imagename>
        <label>Lion</label>
        <buttontitle>4</buttontitle>
</video>
</file>