<file>
    <video category="Natural">
        <imagename>rateustheme1</imagename>
        <label>Grass Field</label>
        <buttontitle>rateustheme1</buttontitle>
    </video>
    <video category="Natural">
        <imagename>rateustheme2</imagename>
        <label>US Flag</label>
        <buttontitle>rateustheme2</buttontitle>
    </video>
    <video category="Animals">
        <imagename>fbtheme1</imagename>
        <label>Grass Droplets</label>
        <buttontitle>fbtheme1</buttontitle>
    </video>
<video category="Animals">
        <imagename>fbtheme2</imagename>
        <label>Lion</label>
        <buttontitle>fbtheme2</buttontitle>
</video>
    <video category="Birds">
        <imagename>twttheme1</imagename>
        <label>Lion</label>
        <buttontitle>twttheme1</buttontitle>
</video>
    <video category="Birds">
        <imagename>twttheme2</imagename>
        <label>Lion</label>
        <buttontitle>twttheme2</buttontitle>
</video>
</file>